"Operadora","Clave <br />de <br />Pizarra","Junio 2025","Julio 2025","Agosto 2025","Septiembre 2025","Octubre 2025","Noviembre 2025","Diciembre 2025","Enero 2026","Febrero 2026","Marzo 2026","Abril 2026","Mayo 2026","Junio 2026"
"ACTINVER","ACT2035","6","6","6","6","6","6","6","6","6","6","6","6","6"
"ACTINVER","ACT4560","6","6","6","6","6","6","6","6","6","6","6","6","6"
"ACTINVER","ACTIEUR","4","4","1","1","2","3","5","5","5","5","5","5","5"
"ACTINVER","ACTIGOB","29","28","28","28","27","27","27","28","30","33","34","34","33"
"ACTINVER","ACTIPAT",,,,,,,,,,,,,
"ACTINVER","ACTIPLU","9","9","9","9","9","9","9","9","9","9","9","9","9"
"ACTINVER","ACTIPT8",,,,,,,,,,,,,
"ACTINVER","ACTIUS",,,,,,,,,,,,,
"ACTINVER","ALTERN","9","9","9","9","9","9","9","9","9","9","9","9","9"
"ACTINVER","DINAMO","9","9","9","9","9","9","9","9","9","9","9","9","9"
"ACTINVER","ESFERA","7","7","7","7","7","7","7","8","8","8","8","8","8"
"ACTINVER","OPORT1","8","8","8","8","8","8","8","8","8","8","8","8","8"
"ACTINVER","PRUDLS",,,,,,,,,,,,,
"ACTINVER","PRUREF",,,,,,,,,,,,,
"ACTINVER","REGIO1","4","4","4","4","4","4","4","4","6","6","6","6","6"
"ACTINVER","REGIO2","5","5","5","5","5","5","5","5","5","5","5","5","5"
"ACTINVER","SALUD","8","8","8","8","8","8","8","8","8","8","8","8","8"
"AFIRME","AFIRCOR","8","8","8","8","8","9","9","9","11","12","16","13","13"
"AFIRME","AFIRMES","197","192","193","193","189","190","183","184","180","182","182","180","177"
"AFIRME","AFIRPLU","281","278","269","265","257","246","237","242","235","232","231","228","226"
"AKAAN","AKTDEMP",,,,,,,,,,,,,
"AKAAN","AKTMXCP",,,,,,,,,,,,,
"AKAAN","AKTMXLQ",,,,,,,,,,,,,
"AKAAN","AKTUSMO",,,,,,,,,,,,,
"AZIMUT","AZGLOAI",,"30","222","440","485","505","525","526","526","522","526","526","660"
"AZIMUT","AZMTEUA","270","264","263","251","248","240","237","236","234","229","220","212","255"
"AZIMUT","AZMTMOD","409","405","401","388","379","375","367","356","345","332","325","320","308"
"AZIMUT","AZMTUSD","509","512","501","462","451","451","455","447","442","436","434","428","416"
"BANORTE","FIMA",,,,,,,,,,,,,
"BANORTE","ICAPTAL",,,,,,,,,,,,,
"BANORTE","IDOLAR",,,,,,,,,,,,,
"BANORTE","INERGY",,,,,,,,,,,,,
"BANORTE","INTER30",,,,,,,,,,,,,
"BANORTE","INTERMG",,,,,,,,,,,,,
"BANORTE","INTREAL",,,,,,,,,,,,,
"BANORTE","IPRIME4",,,,,,,,,,,,,
"BANORTE","NTE-FD2",,,,,,,,,,,,,
"BANORTE","NTECT","187861","190941","192629","194568","196765","198985","201101","202426","203331","204193","205015","206042","207205"
"BANORTE","NTEDINT",,,,,,,,,,,,,
"BANORTE","NTEDLS+","1388","1374","1363","1358","1352","1354","1358","1363","1349","1349","1342","1332","1333"
"BANORTE","NTEESG","1159","1202","1228","1252","1285","1286","1301","1344","1388","1394","1324","1333","1345"
"BANORTE","NTEGUB","40337","40587","40316","40477","40673","40783","40994","41084","40996","40923","40825","40820","40662"
"BANORTE","NTEGUB+","3630","3617","3664","3645","3629","3607","3557","3572","3614","3616","3595","3573","3597"
"BANORTE","NTELQ",,,,,,,,,,,,,
"BANORTE","NTEMP",,,,,,,,,,,,,
"BANORTE","NTERT","647","641","635","639","634","633","636","645","654","662","662","664","665"
"BANORTE","NTESEM",,,,,,,,,,,,,
"BBVA","B+CRDOL",,,,,,,,,,,,,
"BBVA","B+DCP",,,,,,,,,,,,,
"BBVA","B+DLP",,,,,,,,,,,,,
"BBVA","B+EST2",,,,,,,,,,,,,
"BBVA","B+GF",,,,,,,,,,,,,
"BBVA","B+GUB",,,,,,,,,,,,,
"BBVA","B+MRF",,,,,,,,,,,,,
"BBVA","B+RAV",,,,,,,,,,,,,
"BBVA","B+RVUSA",,,,,,,,,,,,,
"BBVA","B+UMS",,,,,,,,,,,,,
"BBVA","B4+28",,,,,,,,,,,,,
"BBVA","BBVACR","2839","3635","4082","4429","4708","4878","5316","5736","6079","6063","6214","6360","6500"
"BBVA","BBVADCB","318","330","350","344","346","362","379","392","402","438","445","432","426"
"BBVA","BBVADD","3","3","3","3","3","3","3","3","3","3","3","3","3"
"BBVA","BBVADOL","14025","14046","14141","13774","13700","13780","14152","14121","14056","14192","13953","13943","13911"
"BBVA","BBVAEMG","701","724","739","753","786","819","835","972","1066","1152","1213","1434","1667"
"BBVA","BBVAESG","2418","2436","2425","2387","2343","2323","2299","2262","2197","2154","2133","2122","2092"
"BBVA","BBVAGBP","3886","3917","3953","3967","3987","3969","3915","3969","4039","4057","4058","4049","4074"
"BBVA","BBVAGL3","759","794","801","791","844","877","897","975","1022","1030","1128","1232","1466"
"BBVA","BBVAMA2","1950","1930","1902","1861","1890","1933","1977","1946","1930","1920","1898","1885","1852"
"BBVA","BBVAMLT","30","28","27","27","26","26","26","25","27","26","26","25","25"
"BBVA","BBVANSH","265","267","277","282","279","295","311","334","357","367","388","389","393"
"BBVA","BBVAPYM","35465","35940","36299","36537","36918","37189","37394","37784","38029","38162","38283","38418","38555"
"BBVA","BBVARF","49951","52011","53785","55262","57960","60720","63292","65515","66519","66701","66569","67241","67708"
"BBVA","BBVARV","1043","1039","1134","1201","1206","1277","1362","1489","1683","1697","1949","2013","2063"
"BBVA","BBVASIA",,,,,,,,,,,,,
"ACTINVER","ACOB+","8","8","8","8","7","7","7","7","7","1","1","4","6"
"ACTINVER","ACTCOMM",,,,,,,,,,,,,
"ACTINVER","ACTICOB","15","15","14","14","14","14","15","15","15","16","17","16","16"
"ACTINVER","ACTICRE","9","9","9","9","9","10","10","10","10","10","10","10","10"
"ACTINVER","ACTIG+","7","7","7","7","7","7","7","7","7","7","7","7","7"
"ACTINVER","ACTIG+2","8","8","8","8","8","8","8","8","8","8","8","8","8"
"ACTINVER","ACTINEM",,,,,,,,,,,,,
"ACTINVER","ACTINTK","5","5","5","5","5","5","5","5","5","5","5","5","5"
"ACTINVER","ACTIPT4","6","6","6","6","6","6","6","6","6","6","6","6","6"
"ACTINVER","ACTIRVT","7","7","7","7","7","7","7","7","7","7","7","7","7"
"ACTINVER","ACTIVAR","7","7","7","7","7","7","7","7","7","7","7","7","7"
"ACTINVER","ACTOTAL","1","1","1","1","1","1","1","1","1","1","1","1","1"
"ACTINVER","MAYA","9","9","9","9","9","9","9","9","9","10","10","10","10"
"ACTINVER","OPORT2","5","5","5","5","5","5","5","5","5","5","5","5","5"
"ACTINVER","OPTIMO",,,,,,,,,,,,,
"ACTINVER","REGIOUS","3","3","3","3","3","3","3","3","3","3","3","3","3"
"ACTINVER","SNX","8","8","8","8","8","8","8","8","8","8","8","8","8"
"ACTINVER","VTLS-RF","12","12","12","12","18","17","17","17","18","19","18","19","20"
"AFIRME","AFIRVIS","336","323","331","331","321","313","303","299","296","289","286","287","279"
"AKAAN","AKTMXMP",,,,,,,,,,,,,
"AKAAN","AKTMXTA",,,,,,,,,,,,,
"AZIMUT","AZMT-G1","5625","5655","5658","5628","5668","5706","5743","5759","5794","5790","5841","5853","5902"
"AZIMUT","AZMTCRE","256","254","244","226","220","217","208","203","196","186","177","167","165"
"AZIMUT","AZMTESG","342","341","337","337","333","331","326","320","313","302","295","255","86"
"AZIMUT","AZMTPRO","252","252","252","465","465","465","465","465","465","464","464","464","464"
"BANORTE","APICP","146","147","150","147","149","153","154","154","155","158","163","163","163"
"BANORTE","APIDINT",,,,,,,,,,,,,
"BANORTE","FONDOM2",,,,,,,,,,,,,
"BANORTE","INTERM1",,,,,,,,,,,,,
"BANORTE","INTERMS",,,,,,,,,,,,,
"BANORTE","INTEURO",,,,,,,,,,,,,
"BANORTE","NTE-IB1",,,,,,,,,,,,,
"BANORTE","NTEAI","466","478","491","500","512","516","509","507","509","484","482","462","461"
"BANORTE","NTEGLOB","864","850","845","843","825","820","805","791","775","772","763","751","746"
"BANORTE","NTEINT+","399","401","399","392","382","381","368","360","355","350","344","343","343"
"BANORTE","NTELP","888","928","964","1014","1080","1068","1065","1075","1070","1078","1076","1049","1018"
"BANORTE","NTEMP+","3909","3935","3984","4011","4022","4019","3985","3971","3971","3974","3956","3981","4005"
"BANORTE","NTEMPG","2405","2457","2547","2717","2911","2966","2969","2974","3059","3088","3091","3055","3106"
"BANORTE","NTEPZO2","13688","13752","13751","13751","12954","12954","12954","12247","12436","12437","12437","11782","11842"
"BANORTE","NTEPZO3","9892","9280","9280","9280","9055","8680","8680","8680","8061","8211","8211","8211","7871"
"BANORTE","NTESEL","676","682","697","708","715","734","742","781","837","865","880","900","913"
"BBVA","B+CAPRI",,,,,,,,,,,,,
"BBVA","B+CORP",,,,,,,,,,,,,
"BBVA","B+CR",,,,,,,,,,,,,
"BBVA","B+EST1",,,,,,,,,,,,,
"BBVA","B+EST4",,,,,,,,,,,,,
"BBVA","B+GLOBL",,,,,,,,,,,,,
"BBVA","B+PC",,,,,,,,,,,,,
"BBVA","B3+28",,,,,,,,,,,,,
"BBVA","BBVA50",,,,,,,,,,"1","1","1","7"
"BBVA","BBVA56",,,,,,,,,,"1","1","1","7"
"BBVA","BBVA66",,,,,,,,,,"1","1","1","7"
"BBVA","BBVAA","851","872","921","967","1035","1052","1151","1250","1375","1325","1382","1471","1538"
"BBVA","BBVADGA","2352","2461","3254","4078","4298","4221","4091","3913","4076","4006","3957","3819","3784"
"BBVA","BBVAGB2","12430","12394","12624","12516","12583","12564","12511","12512","12518","12327","12370","12445","12487"
"BBVA","BBVAGB3","262","250","274","313","348","326","334","382","434","405","394","388","394"
"BBVA","BBVAGF","2633","3413","3847","4173","4428","4592","5003","5395","5651","5654","5780","5899","6022"
"BBVA","BBVAGFD","411","402","398","381","367","366","365","365","356","353","351","345","336"
"BBVA","BBVAGLP","511","521","628","961","1194","1145","1147","1154","1256","1253","1242","1228","1241"
"BBVA","BBVALAT",,,,,,,,,,,,,
"BBVA","BBVALIQ","867935","881631","891564","900913","912556","923829","938515","949982","955855","959361","964171","977024","987132"
"BBVA","BBVAMA3","326","328","325","312","310","315","314","315","316","315","315","316","314"
"BBVA","BBVAMD","365","360","351","346","359","371","393","397","397","393","403","405","425"
"BBVA","BBVANDQ","8734","9209","9881","10307","10963","11227","11450","11312","11052","10956","11323","11856","11869"
"BBVA","BBVAPZO","34658","35522","35788","36699","37963","37283","34816","33498","33175","31569","30338","28911","28356"
"BBVA","BBVARFG","1833","2064","3002","3482","4132","4595","4922","4801","4685","4551","4381","4218","4028"
"BBVA","BBVARFL","292","305","330","359","420","390","373","365","350","330","320","313","301"
"BBVA","BMER30",,,,,,,,,,,,,
"BBVA","BMERCRE",,,,,,,,,,,,,
"ACTINVER","+VALOR","7","7","7","6","6","6","6","6","6","6","6","6","6"
"ACTINVER","ACT2030","7","7","7","7","7","7","7","7","7","7","7","7","7"
"ACTINVER","ACTDUAL","9","9","9","9","9","9","9","9","9","9","9","9","9"
"ACTINVER","ACTIAI","9","9","9","9","8","8","8","9","9","9","9","9","9"
"ACTINVER","ACTIPT1","5","5","5","5","5","5","5","5","5","5","5","5","5"
"ACTINVER","ACTVOSS","7","7","7","7","8","7","7","8","8","8","8","8","8"
"ACTINVER","AGOB+","16","16","16","16","17","16","16","16","16","16","16","16","16"
"ACTINVER","APOLO10","6","6","6","6","6","6","6","6","6","6","6","6","6"
"ACTINVER","AZTECA1","4","4","4","4","5","5","5","5","5","5","4","4","4"
"ACTINVER","ORION","8","8","8","8","8","8","8","8","8","8","8","8","8"
"ACTINVER","TEMATIK","9","9","9","10","10","10","10","10","10","10","10","10","10"
"AKAAN","AKTMXMS",,,,,,,,,,,,,
"AZIMUT","AZMT-D1","595","632","668","744","787","792","769","778","807","813","817","803","817"
"AZIMUT","AZMT-V1","619","615","618","616","616","619","621","624","630","639","648","671","691"
"AZIMUT","AZMTCHI","669","757","789","779","777","779","774","770","756","749","738","729","706"
"BANORTE","DOLARDV",,,,,,,,,,,,,
"BANORTE","INTEPOL",,,,,,,,,,,,,
"BANORTE","INTERPL",,,,,,,,,,,,,
"BANORTE","IPRIME1",,,,,,,,,,,,,
"BANORTE","IPRIME2",,,,,,,,,,,,,
"BANORTE","IVALOR",,,,,,,,,,,,,
"BANORTE","IXEC1",,,,,,,,,,,,,
"BANORTE","IXEC2",,,,,,,,,,,,,
"BANORTE","IXEFIN",,,,,,,,,,,,,
"BANORTE","IXEMPM",,,,,,,,,,,,,
"BANORTE","NTE-FM+",,,,,,,,,,,,,
"BANORTE","NTE-MD1",,,,,,,,,,,,,
"BANORTE","NTE12M+",,,,,,,,,,,,,
"BANORTE","NTE2","1633","1636","1669","1692","1719","1745","1771","1816","1852","1851","1851","1845","1854"
"BANORTE","NTE3","1900","1944","1960","1992","2058","2090","2147","2206","2245","2232","2240","2255","2248"
"BANORTE","NTED","3260","3306","3355","3432","3507","3534","3564","3566","4385","4797","5270","5505","5843"
"BANORTE","NTEDIG","105043","105854","108424","120358","113515","116022","119092","121715","123156","124600","125995","130623","132784"
"BANORTE","NTEDLS","2614","2620","2593","2568","2532","2500","2480","2463","2437","2430","2405","2397","2353"
"BANORTE","NTEDP","3340","3375","3386","3360","3326","3320","3306","3281","3250","3271","3270","3275","3286"
"BANORTE","NTEIPC+","2063","2073","2079","2096","2099","2116","2159","2205","2261","2243","2274","2269","2287"
"BANORTE","NTEPZO4","5881","5881","5881","5580","5580","5580","5263","5374","5374","5374","5227","5227","5227"
"BANORTE","NTERTD","339","363","404","475","524","533","530","541","549","535","519","498","470"
"BANORTE","NTEUSA+","1897","1909","1913","1936","1914","1926","1943","1967","1980","2006","1994","1954","1998"
"BBVA","B+EST3",,,,,,,,,,,,,
"BBVA","B+EST6",,,,,,,,,,,,,
"BBVA","B+GFD",,,,,,,,,,,,,
"BBVA","B+GFDOL",,,,,,,,,,,,,
"BBVA","B+PZO",,,,,,,,,,,,,
"BBVA","B+RF",,,,,,,,,,,,,
"BBVA","B+RV",,,,,,,,,,,,,
"BBVA","BBVA44",,,,,,,,,,"1","1","1","7"
"BBVA","BBVAAF",,,,,,,,,,,,,
"BBVA","BBVABRI",,,,,,,,,,,,,
"BBVA","BBVAC+","68716","69589","69684","69203","68402","67902","67781","67979","67694","67312","66567","65994","65205"
"BBVA","BBVACD+","5526","5572","5894","5906","6050","6194","6358","6247","6105","5987","5784","5660","5455"
"BBVA","BBVACRE","4377","5055","7498","9993","12236","13710","14826","14886","14954","14695","14364","14022","13609"
"BBVA","BBVAGL4","2481","2448","2430","2396","2381","2383","2380","2362","2353","2325","2367","2419","2509"
"BBVA","BBVAGOB","56418","60978","67633","74083","81348","87635","94755","101081","104628","106837","108648","111368","113652"
"BBVA","BBVAGUB","74652","73955","73144","71866","70589","70493","70129","69849","69720","70143","69632","69532","69256"
"BBVA","BBVAM","2514","2628","2756","2908","3239","3485","3704","4061","4487","4630","5038","5529","6097"
"BBVA","BBVAMRF","259","256","264","263","261","250","239","247","246","235","230","224","232"
"BBVA","BBVARVE","1138","1147","1159","1125","1125","1122","1163","1186","1176","1137","1117","1094","1069"
"BBVA","BBVASIC","667","679","708","719","714","706","733","727","722","712","735","748","766"
"BBVA","BBVAUS","3942","3941","3928","3883","3868","3845","3819","3786","3736","3723","3763","3810","3842"
"BBVA","BMER90",,,,,,,,,,,,,
"BBVA","BMERFLE",,,,,,,,,,,,,
"BBVA","F+LIQ",,,,,,,,,,,,,
"BBVA","F-PYME",,,,,,,,,,,,,
"BBVA","FOEDL-A",,,,,,,,,,,,,
"BBVA","IND-1",,,,,,,,,,,,,
"BBVA","SB+GFDL",,,,,,,,,,,,,
"BBVA","SB+PC",,,,,,,,,,,,,
"BBVA","SB+PCDL",,,,,,,,,,,,,
"BBVA","SBLP",,,,,,,,,,,,,
"BBVA","SBREAL",,,,,,,,,,,,,
"BBVA","TRIPLE",,,,,,,,,,,,,
"BBVA","TRPLE+1",,,,,,,,,,,,,
"BBVA","TRPLE+4",,,,,,,,,,,,,
"BLACKROCK","BLK1970",,,,,,,,,,,,,
"BLACKROCK","BLK1980",,,,,,,,,,,,,
"ACTINVER","ACT2025","5","5","5","5","5","5","5","1","1","1","1","1","1"
"ACTINVER","ACT2040","6","6","6","6","6","6","6","6","6","6","6","6","6"
"ACTINVER","ACTI500","16","16","16","16","16","16","16","16","16","16","17","17","16"
"ACTINVER","ACTIED","10","10","10","11","11","11","11","11","11","11","11","11","11"
"ACTINVER","ACTIMED","12","12","12","12","13","13","13","13","13","13","13","13","13"
"ACTINVER","ACTIOP1","3","3","3","3","3","3","3","3","3","3","3","3","3"
"ACTINVER","ACTIREN","9","9","9","9","9","9","9","9","9","9","9","9","9"
"ACTINVER","ACTVIDA","6","6","6","6","6","6","6","6","6","6","6","6","6"
"ACTINVER","ALTERNA",,,,,,,,,,,,,
"ACTINVER","ESCALA","8","8","8","8","8","8","8","8","8","8","8","8","8"
"ACTINVER","GLOBAL",,,,,,,,,,,,,
"ACTINVER","IMPULSA","7","7","7","7","7","7","7","7","7","7","7","7","7"
"ACTINVER","JPMRVUS","12","12","12","12","12","12","12","12","10","10","10","10","10"
"ACTINVER","MAXIMO","7","7","7","7","7","7","7","7","7","7","7","7","7"
"ACTINVER","OPORT3",,,,,,,,,,,,,
"ACTINVER","PROTEGE","11","11","11","11","11","11","11","11","11","11","11","11","11"
"ACTINVER","PRUEM",,,,,,,,,,,,,
"ACTINVER","ROBOTIK","10","10","10","10","10","10","10","11","11","11","11","11","11"
"ACTINVER","VTLS-RV","11","11","11","11","14","14","15","15","15","16","15","14","14"
"AKAAN","AKTUCOB",,,,,,,,,,,,,
"AKAAN","AKTUSAG",,,,,,,,,,,,,
"AZIMUT","AZMT-C1","2270","2343","2398","2489","2569","2582","2542","2550","2596","2562","2566","2574","2606"
"AZIMUT","AZMTCON","139","143","145","140","139","144","149","146","145","140","137","139","133"
"BANORTE","APIBONO","76","77","78","72","71","77","77","76","77","78","82","83","84"
"BANORTE","EURODIV",,,,,,,,,,,,,
"BANORTE","FONDOM1",,,,,,,,,,,,,
"BANORTE","INTEC",,,,,,,,,,,,,
"BANORTE","INTER7",,,,,,,,,,,,,
"BANORTE","INTERDV",,,,,,,,,,,,,
"BANORTE","INTERMD",,,,,,,,,,,,,
"BANORTE","INTERNC",,,,,,,,,,,,,
"BANORTE","INTESIC",,,,,,,,,,,,,
"BANORTE","IPRIME3",,,,,,,,,,,,,
"BANORTE","ISOLIDO",,,,,,,,,,,,,
"BANORTE","IXEC3",,,,,,,,,,,,,
"BANORTE","MVPMEX+",,,,,,,,,,,,,
"BANORTE","NTE+EMP","44","43","45","42","41","41","40","41","44","46","47","44","43"
"BANORTE","NTE-FC2",,,,,,,,,,,,,
"BANORTE","NTE-ID1",,,,,,,,,,,,,
"BANORTE","NTE1","6270","6293","6341","6380","6444","6513","6546","6546","6613","6594","6562","6538","6408"
"BANORTE","NTEDIA",,,,,,,,,,,,,
"BANORTE","NTEDIV",,,,,,,,,,,,,
"BANORTE","NTEEURO","381","381","375","367","368","364","362","357","355","353","348","346","335"
"BANORTE","NTEGL",,,,,,,,,,,,,
"BANORTE","NTEIPC",,,,,,,,,,,,,
"BANORTE","NTEMXN","3788","3949","4073","4153","4338","4893","5326","5508","5655","5738","5818","5895","5637"
"BANORTE","NTEPZO1","15223","15223","14439","14441","14441","14128","13526","13526","13526","12947","12947","12947","12947"
"BANORTE","NTETR","693","711","707","724","741","754","795","844","961","972","989","1011","1016"
"BANORTE","NTEUSA","1424","1421","1414","1399","1383","1376","1376","1362","1361","1352","1337","1321","1325"
"BBVA","B+EDUCA","42747","42182","41588","40999","40423","40503","43089","44055","44370","44661","44774","44889","45173"
"BBVA","B+PCDOL",,,,,,,,,,,,,
"BBVA","B+REAL",,,,,,,,,,,,,
"BBVA","B+RV2",,,,,,,,,,,,,
"BBVA","B+RVUS2","1175","1176","1191","1188","1199","1174","1174","1159","1125","1109","1124","1145","1117"
"BBVA","B+TOP",,,,,,,,,,,,,
"BBVA","B1+28",,,,,,,,,,,,,
"BBVA","B2+28",,,,,,,,,,,,,
"BBVA","BBVA34",,,,,,,,,,"1","1","1","7"
"BBVA","BBVAAD","435","421","429","412","395","404","405","408","405","386","383","381","387"
"BBVA","BBVAC","17580","18969","19972","20951","23961","26329","28154","30290","32506","33025","37524","41795","45550"
"BBVA","BBVACAP","327","327","328","328","328","328","328","328","328","328","328","330","330"
"BBVA","BBVACD","991","997","988","978","1029","1083","1121","1112","1101","1082","1195","1266","1333"
"BBVA","BBVACOR","286","309","356","401","437","451","449","464","494","485","483","473","483"
"BBVA","BBVACRD","825","820","815","793","795","798","797","787","767","761","753","760","752"
"BBVA","BBVADIG","11508","12599","12998","14082","15651","15128","15279","14844","14238","13995","14349","15003","15135"
"BBVA","BBVADLP","1722","2035","4516","8130","9149","8923","7868","6849","6501","6020","5473","4944","4737"
"BBVA","BBVAEUR","237","231","222","211","203","197","199","199","201","202","198","194","188"
"BBVA","BBVAGL5","250","261","286","298","302","309","330","348","351","348","390","424","452"
"BBVA","BBVALQ",,,,,,,,,,,,,
"BBVA","BBVAPC","2157","2121","2106","2081","2061","2044","2031","2019","1993","1980","1966","1936","1929"
"BBVA","BBVAPCD","554","530","529","510","503","498","479","463","463","515","472","462","458"
"BBVA","BBVATES","1313","1309","1297","1298","1295","1298","1280","1273","1275","1274","1264","1267","1263"
"BBVA","BBVAUDI","623","613","608","613","635","759","1063","1390","1938","2160","2373","2517","2616"
"BBVA","BMERBAN",,,,,,,,,,,,,
"BBVA","BMERMDD",,,,,,,,,,,,,
"BBVA","BMERPAT",,,,,,,,,,,,,
"BBVA","BMRGOB2",,,,,,,,,,,,,
"BBVA","DIVER-A",,,,,,,,,,,,,
"BBVA","FOE-M",,,,,,,,,,,,,
"BBVA","FOEDL-C",,,,,,,,,,,,,
"BBVA","FOEDL-M",,,,,,,,,,,,,
"BBVA","SB+CR",,,,,,,,,,,,,
"BBVA","SB+CRDL",,,,,,,,,,,,,
"BBVA","SBTRADI",,,,,,,,,,,,,
"BBVA","TRIPLE3",,,,,,,,,,,,,
"BBVA","TRPLE+2",,,,,,,,,,,,,
"BBVA","TRPLE+5",,,,,,,,,,,,,
"BLACKROCK","BLK1950",,,,,,,,,,,,,
"BLACKROCK","BLK1990",,,,,,,,,,,,,
"BLACKROCK","BLK1LIQ",,,,,,,,,,,,,
"BLACKROCK","BLK2030","104","88","90","83","68","71","72","82","94","88","88","84","83"
"BLACKROCK","BLK2060","28","26","28","28","20","22","20","22","26","26","27","24","22"
"BLACKROCK","BLKASIA",,,,,,,,,,,,,
"BLACKROCK","BLKCP1","11","11","11","11","11","11","11","13","9","8","8","8","9"
"BLACKROCK","BLKEURO",,,,,,,,,,,,,
"BLACKROCK","BLKIPC",,,,,,,,,,,,,
"BLACKROCK","BLKMAG","17","18","16","16","16","16","15","16","16","16","15","15","12"
"BLACKROCK","BLKMESG","219","214","216","221","206","215","210","203","736","1123","1571","1833","1941"
"BLACKROCK","BLKREIT",,,,,,,,,,,,,
"BLACKROCK","BLKUSLQ","19204","18699","18392","17752","17080","16569","16075","15623","15231","14669","14248","13872","13509"
"CIFONDO","+CIEQUS","1595","1250","1107","926","588","514","476","466","433","330","172","156","148"
"COMPASS","BX+CP",,,,,,,,,,,,,
"COMPASS","BX+TASA",,,,,,,,,,,,,
"COMPASS","CRECE+","101","101","102","103","104","105","106","109","117","121","122","124","126"
"COMPASS","I+CMDTS",,,,,,,,,,,,,
"COMPASS","I+LIQG","361","364","365","366","370","372","373","377","378","384","385","384","389"
"COMPASS","IFM",,,,,,,,,,,,,
"FINACCESS","AXESCP","1160","1164","1172","1175","1182","1182","1192","1188","1195","1206","1202","1198","1201"
"FINACCESS","AXESLP","200","202","207","217","228","228","240","248","262","267","263","264","271"
"FINACCESS","AXESPRO","7","7","9","11","11","10","10","10","10","10","10","10","10"
"FINACCESS","LATIN1",,,,,,,,,,,,,
"FINAMEX","AM2","10","10","10","10","10","10","10","10","10","10","10","10","10"
"FINAMEX","AM4","21","25","33","37","39","40","43","46","54","78","108","138","164"
"FINAMEX","BALANCE",,,,,"32","45","62","77","78","90","115","115","135"
"FINAMEX","COMMODQ",,,,,"266","265","108","116","208","228","286","396","523"
"FINAMEX","FMXMD",,,,,"1034","960","810","803","830","841","884","947","1004"
"FINAMEX","FMXRF",,,,,"5743","5382","4796","4621","4460","4456","4270","4215","4139"
"FRANKLIN","FT-BOND","37","37","37","38","36","36","37","38","38","39","39","37","38"
"FRANKLIN","FT-GLOB","22","23","23","23","21","21","21","21","21","22","22","30","29"
"FRANKLIN","FT-LIQU","117","120","120","127","127","126","131","131","131","130","133","133","138"
"FRANKLIN","FT-REAL","75","75","76","75","76","76","77","78","80","82","83","82","81"
"FRANKLIN","FT-RVA1","2","2","2","2","2","2","2","2","2","2","2","2","2"
"FRANKLIN","TEMGBIA","44","44","44","42","41","41","41","41","41","42","42","41","41"
"GBM","GBM103","15","15","15","14","14","14","15","15","15","15","15","15","15"
"GBM","GBM109",,,,,,,,,,,,,
"GBM","GBM116","2","2","2","2","2","4","4","4","6","7","8","8","8"
"GBM","GBMCRE","3737","3764","3764","3733","3730","3755","3801","3831","3845","3874","3939","4003","4009"
"GBM","GBMDIV",,,,,,,,,,,,,
"GBM","GBMLATM",,,,,,,,,,,,,
"GBM","GBMM1",,,,,,,,,,,,,
"GBM","GBMNEAR","5264","6574","6493","6463","6435","6406","6472","6565","6801","6866","6911","6962","6962"
"GBM","GBMPAT","5372","5676","5865","6093","6454","6672","6822","6922","7146","7384","7640","7648","7806"
"GBM","GBMPBOL","763","754","746","738","730","727","735","736","741","748","744","755","756"
"GBM","GBMPMOD",,,,,,,,,,,,,
"GBM","GMP","1981","2033","2036","2019","2009","2011","1996","2005","2015","2021","2011","2005","2002"
"GBM","MPAGORF","6452842","6736315","6978213","7257643","7478604","7779280","8330098","8546267","8777433","9205472","9461956","9760700","10088114"
"GBM","NUMC","7","7","7","7","7","7","7","7","7","7","7","7","7"
"GBM","REGIOB","528","525","533","526","531","534","535","528","531","529","528","528","531"
"GBM","REGIOC","322","317","318","315","310","308","313","307","304","306","302","302","300"
"GBM","SGBM",,,,,,,,,,,,,
"HSBC","HSBC-F2",,,,,,,,,,,,,
"HSBC","HSBCAHO",,,,,,,,,,,,,
"HSBC","HSBCBAL","1914","1911","2012","2109","2128","2178","2209","2263","2282","2282","2315","2345","2433"
"HSBC","HSBCCRE","723","744","779","841","868","893","940","995","1011","1022","1044","1103","1146"
"HSBC","HSBCDC+","22727","23291","23942","24568","25166","24909","25124","25562","25531","25709","26182","27362","27612"
"HSBC","HSBCDGP","3772","3875","4025","3986","4008","3990","4087","4176","4103","4175","4195","4221","4114"
"BBVA","BMERGOB",,,,,,,,,,,,,
"BBVA","BMERMP",,,,,,,,,,,,,
"BBVA","BMRGOB5",,,,,,,,,,,,,
"BBVA","DMEDIO",,,,,,,,,,,,,
"BBVA","F-PFAE",,,,,,,,,,,,,
"BBVA","FNOMINA",,,,,,,,,,,,,
"BBVA","FOE-C",,,,,,,,,,,,,
"BBVA","SB+GF",,,,,,,,,,,,,
"BBVA","SBMIX",,,,,,,,,,,,,
"BBVA","TRPLE+6",,,,,,,,,,,,,
"BLACKROCK","BLK2050","97","85","86","80","68","71","71","83","86","83","88","84","82"
"BLACKROCK","BLKBONO",,,,,,,,,,,,,
"BLACKROCK","BLKDOLS",,,,,,,,,,,,,
"BLACKROCK","BLKEM2",,,,,,,,,,,,,
"BLACKROCK","BLKFIH","16721","17118","17475","17817","18243","18518","18830","19287","19831","19967","20007","20038","20085"
"BLACKROCK","BLKGUB1","753431","768266","781911","783106","782056","781692","782349","784773","783008","771560","768831","768273","769153"
"BLACKROCK","BLKGUB3","553","548","556","581","577","572","572","584","599","597","585","570","574"
"BLACKROCK","BLKINT2",,,,,,,,,,,,,
"BLACKROCK","BLKIPC+",,,,,,,,,,,,,
"BLACKROCK","BLKMD","155","156","161","173","169","169","168","166","163","163","167","167","164"
"BLACKROCK","BLKNUM1","16","11","9","9","9","9","9","9",,,,,
"BLACKROCK","BLKPAT","1363","1351","1344","1337","1314","1327","1324","1326","1352","1376","1389","1406","1406"
"BLACKROCK","BLKPLUS",,,,,,,,,,,,,
"BLACKROCK","BLKUDI+","277","266","281","282","279","274","274","287","294","306","306","317","322"
"BLACKROCK","BNMCAP2",,,,,,,,,,,,,
"BLACKROCK","FONEMP",,,,,,,,,,,,,
"BLACKROCK","GOLD5+","3451","3443","3479","3478","3426","3451","3511","3559","3499","3449","3506","3655","3746"
"CIFONDO","+CIBOLS","97","81","64","59","46","38","34","35","35","27","13","13","12"
"CIFONDO","+CIGUB","8380","7959","6693","5648","4959","4352","3927","3605","3383","2841","1716","1650","1614"
"COMPASS","BX+CAP",,,,,,,,,,,,,
"COMPASS","FIBRA+",,,,,,,,,,,,,
"COMPASS","STRAT","22","22","22","22","22","22","22","22","22","22","22","22","22"
"FINACCESS","AXESDVD","20","20","20","21","21","20","20","20","23","25","26","30","33"
"FINACCESS","AXESMP","580","580","578","580","585","596","604","602","608","622","634","636","633"
"FINAMEX","DYNAMIC",,,,,"40","46","52","58","62","71","73","84","97"
"FINAMEX","EQUITY",,,,,"423","411","233","238","222","227","243","257","283"
"FINAMEX","FINALIQ","146","146","150","152","151","153","519","551","556","564","570","581","615"
"FINAMEX","FMXCOB",,,,,"9","14","20","24","24","28","31","33","35"
"FINAMEX","FMXCOR",,,,,"187","178","45","48","50","55","57","54","64"
"FINAMEX","FMXMIX",,,,,"71","72","72","75","75","79","91","106","128"
"FINAMEX","FMXPRE",,,,,"13475","12315","11187","10881","10619","10286","9311","9240","9551"
"FINAMEX","FMXTR",,,,,"58","55","460","525","563","592","662","741","808"
"FINAMEX","FMXUSD",,,,,"759","725","710","702","685","652","632","628","612"
"FRANKLIN","FT-BONO","44","47","47","47","48","48","47","48","48","49","50","49","51"
"FRANKLIN","FT-CORP","32","33","34","37","37","37","37","37","37","39","41","41","41"
"FRANKLIN","FT-EMER",,,,,,,,,,,,,
"FRANKLIN","FT-EURO","15","15","15","15","15","15","15","15","15","15","15","14",
"GBM","GBM102","10","10","10","10","10","10","9","8","8","8","9","9","9"
"GBM","GBM107",,,,,,,,,,,,,
"GBM","GBM110","4","4","4","4","4","3","3","4","4","4","4","5","5"
"GBM","GBM113","3","3","3","3","3","3","3","3","3","3","3","3","3"
"GBM","GBM121",,,,,,"1","1","2","2","2","2","2","2"
"GBM","GBMCOBM",,,,,,,,,,,,,
"GBM","GBMDINT","4902","5485","5911","6244","6641","7020","7518","7966","8399","8701","9081","9436","9814"
"GBM","GBMDOL","40071","40229","40129","39798","39514","39182","40359","41370","41904","42308","42241","42752","43290"
"GBM","GBMIND",,,,,,,,,,,,,
"GBM","GBMINT","47774","47493","47938","47914","48141","48240","49978","50925","51320","51853","52639","54125","55903"
"GBM","GBMM3","479","507","533","601","598","474","416","671","687","710","724","689","640"
"GBM","GBMMOD","1700","1710","1730","1739","1741","1745","1761","1774","1811","1827","1864","1929","1943"
"GBM","GBMMOGL",,,,,,,,,,,,,
"GBM","GBMPAGR",,,,,,,,,,,,,
"GBM","GBMPDEU","3471","3698","3847","3924","3967","3963","4006","4060","4148","4194","4313","4334","4387"
"GBM","GBMRETO","3339","4445","5188","5803","6491","7041","7609","8050","8608","9105","9441","9862","10618"
"GBM","GBMTRV","37666","37646","37772","37747","38068","38219","40084","41173","41735","42433","43345","44897","46521"
"HSBC","HSBC-D2","334280","340398","344935","341085","344585","340851","346508","351038","344694","347426","350866","354908","346793"
"HSBC","HSBCCOR","5071","5201","5364","5587","5897","6066","6319","6584","6872","6984","6987","7103","7102"
"HSBC","HSBCDLP","5528","5978","6633","7363","8188","8092","8282","8593","8819","8717","8708","8404","8385"
"HSBC","HSBCINT",,,,,,,,,,,,,
"HSBC","HSBCMDL","157","151","151","150","148","147","145","148","149","150","148","156","161"
"HSBC","HSBCSEM",,,,,,,,,,,,,
"INBURSA","DINBUR1","16532","16863","17198","17499","17805","18062","18341","18561","19156","19012","19060","19269","19400"
"INBURSA","INBUINT","65","67","67","67","66","65","64","65","65","65","64","64","64"
"BLACKROCK","BLK1MAS","636690","652637","584009","581280","577133","607464","620512","627638","569010","576238","592486","615482","627336"
"BLACKROCK","BLK2020",,,,,,,,,,,,,
"BLACKROCK","BLK2040","108","89","88","84","68","71","72","84","98","94","90","86","83"
"BLACKROCK","BLKCOMM",,,,,,,,,,,,,
"BLACKROCK","BLKCP","11","11","11","15","11","11","11","13","9","8","8","8","11"
"BLACKROCK","BLKCRE","23","23","23","28","23","23","23","25","21","22","16","16","16"
"BLACKROCK","BLKDIP","2166","2420","2563","2655","2728","2838","2981","3433","4974","7607","8848","10092","11396"
"BLACKROCK","BLKEM1","1385","1362","1337","1322","1306","1288","1281","1293","1352","1387","1411","1438","1511"
"BLACKROCK","BLKFUSA","4399","4578","4798","4998","5260","5549","5838","6295","6675","6893","7142","7596","8268"
"BLACKROCK","BLKGLO2","1789","1786","1787","1772","1785","1775","1754","1725","1690","1662","1631","1593","1546"
"BLACKROCK","BLKGLO4","970","965","961","959","950","953","949","950","953","966","961","977","989"
"BLACKROCK","BLKINT1","5277","5268","5270","5259","5252","5256","5243","5220","5211","5266","5560","6223","6904"
"BLACKROCK","BLKPAT+",,,,,,,,,,,,,
"BLACKROCK","BLKRET","142","132","129","127","206","107","110","104","114","110","109","108","104"
"BLACKROCK","GOLD1+","14595","15084","15791","16260","16554","16191","16361","16784","17289","17246","17628","17980","18388"
"BLACKROCK","GOLD3+","13097","13389","13670","13972","14141","14340","14551","14672","14683","14667","14811","14930","15036"
"BLACKROCK","GOLD4+","4318","4458","4566","4642","4708","4798","4913","4972","4924","4893","4956","5066","5163"
"BTGPACTUAL","BTGALFA","2235","2435","2598","2910","3014","3116","3281","3469","3676","3656","3736","3662","3557"
"CIFONDO","+CIGUMP","39","22","18","16","16","16","14","11","11","11","8","8","8"
"CIFONDO","+CIPLUS","128","106","91","85","72","65","63","60","60","49","31","30","30"
"CIFONDO","+CIUSD","1016","810","692","577","331","279","254","239","228","161","42","42","42"
"CIFONDO","CIEQU30","8","6","5","1","1","1","1","1","1","1","1","1","1"
"COMPASS","ALPHA+","86","86","87","88","89","90","92","95","98","98","98","100","102"
"COMPASS","ARKAGUB",,,,,,,,,,,,,
"COMPASS","BX+MP",,,,,,,,,,,,,
"COMPASS","BX+USD","2","2","2","2","2","2","1","3","3","3","3","3","3"
"COMPASS","I+GLOBV","85","85","84","85","85","86","87","90","94","95","95","95","98"
"COMPASS","I+GUBER","134","137","140","145","148","149","154","158","152","154","154","157","159"
"COMPASS","I+USD","2","2","2","2","2","2","2","2","2","2","1","1","84"
"COMPASS","IDEA","3","3","3","3","2","2","2","2","2","2","2","3","3"
"FINACCESS","AXESBMV","100","100","100","99","99","99","99","101","101","112","114","113","109"
"FINACCESS","AXESFIN","4","4","5","5","5","5","5","5","5","5","4","4","4"
"FINACCESS","AXESGLO","160","160","160","157","157","154","153","149","144","144","144","144","143"
"FINACCESS","AXESGSP","1","1","1","1","1","1","1","2","2","3","3","3","3"
"FINACCESS","AXESUSA","14","15","15","15","16","17","17","22","24","26","26","27","30"
"FINAMEX","AM3","580","631","650","688","724","754","777","808","835","857","807","777","763"
"FINAMEX","F-BOLSA",,,,,,,,,,,,,
"FINAMEX","FINAUSA",,,,,,,,,,,,,
"FINAMEX","FMXFI",,,,,"240","231","672","694","732","740","802","895","959"
"FINAMEX","FMXIND",,,,,"296","281","108","116","120","147","229","266","177"
"FINAMEX","FMXPA",,,,,"68","65","68","69","66","73","103","116","126"
"FINAMEX","FMXSIC",,,,,"497","482","655","636","635","631","639","667","732"
"FINAMEX","FMXUSA",,,,,"659","635","642","630","630","616","627","652","717"
"FINAMEX","NEXTGEN",,,,,"349","338","284","279","338","322","326","322","375"
"FRANKLIN","FRANOPR",,,,,,,,,,,,,
"FRANKLIN","FRANUSA",,,,,,,,,,,,,
"GBM","GBM-F4",,,,,,,,,,,,,
"GBM","GBM104","17","17","17","17","17","18","18","18","18","18","17","17","17"
"GBM","GBM105","21","21","21","21","21","22","22","22","22","22","22","22","22"
"GBM","GBM118","1","1","1","2","2","2","2","2","2","2","2","47","61"
"GBM","GBM119",,,,,"1","2","2","2","2","2","2","2","2"
"GBM","GBMAAA","6084","7842","31648","32039","32466","32663","34558","35621","36126","36806","37711","39121","40489"
"GBM","GBMCASH","264","325","348","342","338","341","347","345","340","324","323","273","271"
"GBM","GBMDIV2","197","199","200","201","199","199","195","195","190","190","187","187","186"
"GBM","GBMF3","11802","12108","12356","12529","12794","12954","13179","13386","13610","13728","13933","14117","14637"
"GBM","GBMGUB","2014","2124","2175","2245","2302","2356","2442","2498","2572","2674","2757","2863","2950"
"GBM","GBMGUBM",,,,,,,,,,,,,
"GBM","GBMINF",,,,,,,,,,,,,
"GBM","GBMTGLO",,,,,,,,,,,,,
"GBM","GBMV1","36","35","35","35","33","33","33","33","33","33","33","32","32"
"GBM","GBMV2","14","14","14","14","14","14","14","14","14","14","14","14","14"
"GBM","HEYG","6","6","6","6","6","6","6","6","8","8","8","8","8"
"GBM","SAURORT","43","43","43","43","43","42","42","42","45","45","43","44","43"
"HSBC","HSBC-90","18","18","18","18","18","18","18","18","18","18","18","18","18"
"HSBC","HSBC-F4",,,,,,,,,,,,,
"HSBC","HSBC-RV",,,,,,,,,,,,,
"HSBC","HSBCF1+",,,,,,,,,,,,,
"HSBC","HSBCMED","3495","3496","3488","3465","3463","3404","3396","3463","3656","3692","3689","3690","3775"
"HSBC","HSBCMEX","1680","1766","1986","2149","2179","2195","2262","2385","2494","2488","2527","2535","2503"
"HSBC","HSBCUSA","2793","2810","2860","2902","2878","2875","2912","2897","2846","2839","2862","2937","2943"
"HSBC","HSBGOB2","254","258","265","266","312","328","362","393","445","469","491","500","510"
"INBURSA","FONIBUR",,,,,,,,,,,,,
"INBURSA","INBUREX","212","230","241","245","238","208","194","235","234","243","251","249","244"
"INBURSA","SINBUR",,,,,,,,,,,,,
"INVEX","INVEXPH",,,,,,,,,,,"80","161","182"
"INVEX","INVEXTK","462","462","454","451","447","449","441","434","432","429","431","436","433"
"KPTL","+TASA","5382","4846","4816","4809","4793","4772","4774","5629","5598","5563","5501","5537","5520"
"KPTL","+TASAA1","39","25","25","24","22","22","22","22","22","22","21","21","21"
"MIFEL","MIFGUBE",,,,,,,,,,,,,
"MIFEL","MIFIPC","38","40","41","45","49","51","51","53","59","64","71","74","82"
"MIFEL","VALOR3M","727","741","738","746","767","765","771","776","784","782","788","768","786"
"MONEX","MONEXCP","8663","8682","8690","8670","8688","8709","8607","8630","8756","8847","8922","9002","8959"
"MULTIVA","MULTIBA","170","170","174","173","172","174","177","179","178","178","181","180","185"
"MULTIVA","MVJER","10318","10330","10352","10344","10243","10174","10074","10016","10113","10146","10076","10076","10078"
"NAFINSA","NAFCDVI","906","908","904","913","910","906","945","989","1020","1022","997","1004","995"
"NAFINSA","NAFCGUB","137","136","135","136","135","136","136","137","136","135","135","133","126"
"NAFINSA","NAFFP28","516","519","506","495","499","490","497","508","504","496","495","495","480"
"NAFINSA","NAFG-LP","36","40","41","47","45","45","45","43","43","42","40","40","44"
"NAFINSA","NAFMEX7","7","7","7","7","7","7","7","6","6","6","6","6","6"
"PRINCIPAL","PRINFGU","43403","43407","43326","43439","43453","43763","43698","44758","30591","29638","28943","29409","28402"
"PRINCIPAL","PRINFLP",,,,,,,,,,,,,
"PRINCIPAL","PRINHYD","3","3","4","4","5","3","3","3","3","4","4","4","5"
"PRINCIPAL","PRINR25","14","14","14","14","14","14","19","19","20","21","22","22","23"
"SAM","+HAYEK+","3","3","3","3","3","3","3","3","3","3","3","3","3"
"SAM","AXAIM41","1","1","1","1","1","1","1","1","1","1","1","1","1"
"SAM","AXAIM53","1","1","1","1","1","1","1","1","1","1","1","1","1"
"SAM","DEUDAOP","5743","5959","6165","6564","7128","7305","7404","7546","7959","8121","8259","8411","8659"
"SAM","ELITE-C",,,,,,,,,,,,,
"SAM","ELITE-M",,,,,,,,,,,,,
"SAM","FONSER1","85783","86492","87386","87590","103368","105277","105078","106033","221422","215392","217288","218970","221664"
"SAM","RCOMP-1","6539","6484","6443","6406","1","5838","5841","5794","5705","5666","1","5527","5484"
"SAM","RCOMP-2","5581","1","4835","4774","4720","4750","4754","1","4711","4658","4616","4588","4547"
"SAM","SAM-ESG","72","71","69","70","68","68","67","68","71","70","68","68","70"
"SAM","SAM-FTW","100","93","90","86","85","83","80","76","75","68","67","63","63"
"SAM","SAM-HDG","11","10","9","9","6","1","1","26","172","250","279","302","333"
"SAM","SAM-HYB",,,,,,,,,,,,,
"SAM","SAM-RFG","130","128","124","117","115","113","112","110","109","107","107","106","106"
"SAM","SAMCAP0","4","3","3","3","2","1","1","1","2","2","1","2","3"
"SAM","SAMCAP9","1","1","1","1","1","2","2","2","2","2","2","2","2"
"SAM","SAMEME1","9","9","9","9","9","9","9","9","9","9","9","8","8"
"SAM","SANTANG",,,,,,,,,,,,,
"SAM","SELECTC",,,,,,,,,,,,,
"SAM","SMX-50","24","24","24","24","24","24","24","24","23","23","23","23","23"
"SAM","SMX-80","34","34","34","34","34","34","34","34","34","34","34","34","34"
"SAM","SMX-LP",,,,,,,,,,,,,
"SAM","ST&ER-1","125278","129534","133217","136580","139146","144193","146069","147326","149710","155841","158123","149541","149072"
"SAM","ST&ER-4",,,,,,,,,,,,,
"SAM","ST&ER-7","238","259","287","346","407","436","445","438","466","482","487","492","483"
"SAM","ST&ER10",,,,,,,,,,,,,
"SAM","ST&ER1G",,,,,,,,,,,,,
"SAM","ST&ER1P","4746","4737","4731","4710",,,,,,,,,
"SAM","ST&ER5E",,,,,,,,,,,,,
"SAM","ST&ERBM",,,,,,,,,,,,,
"SAM","STER-EQ",,,,,,,,,,,,,
"SAM","STERDOW",,,,,,,,,,,,,
"SAM","STEREAL","183","209","224","234","252","261","291","314","356","373","401","440","487"
"SAM","STERMXN","3090","3101","3151","2792","2849","2981","3019","2881","2846","2793","2754","2758","2720"
"SAM","STGAR-2",,,,,,,,,,,,,
"SAM","STRIVS2","3","3","3","3","3","3","3","3","3","3","3","3","3"
"SAM","SVIVE50","39","41","41","41","42","42","42","42","42","46","46","47","47"
"SAM","XPERT-B","1566","1541","1529","1514","1502","1515","1502","1498","1495","1479","1472","1469","1467"
"SCOTIA","FINDE1","952","938","926","907","891","877","988","982","967","951","953","930","933"
"SCOTIA","FINDOL1","296","291","282","277","274","262","237","234","229","225","221","218","218"
"SCOTIA","MG-INTL","78","79","79","80","80","77","79","80","79","79","79","78","77"
"BBVA","BBVAUMS","266","249","252","245","242","227","227","223","221","253","235","226","226"
"BBVA","BBVAXJP",,,,,,,,,,,,,
"BBVA","BMER180",,,,,,,,,,,,,
"BBVA","BMERDIN",,,,,,,,,,,,,
"BBVA","BMERIND",,,,,,,,,,,,,
"BBVA","BMERINF",,,,,,,,,,,,,
"BBVA","BMERLIQ",,,,,,,,,,,,,
"BBVA","BMERTES",,,,,,,,,,,,,
"BBVA","BMRGOB3",,,,,,,,,,,,,
"BBVA","BMRGOBP",,,,,,,,,,,,,
"BBVA","FOE-A",,,,,,,,,,,,,
"BBVA","TRIPLE1",,,,,,,,,,,,,
"BBVA","TRIPLE2",,,,,,,,,,,,,
"BBVA","TRPLE+3",,,,,,,,,,,,,
"BBVA","TRPLE+7",,,,,,,,,,,,,
"BLACKROCK","BLK1960",,,,,,,,,,,,,
"BLACKROCK","BLKCOB+",,,,,,,,,,,,,
"BLACKROCK","BLKCOR","2962","3006","3067","3127","3199","3249","3269","3283","3275","3297","3265","3278","3273"
"BLACKROCK","BLKDIA","4985","5033","5048","5080","5066","5010","5135","5232","5300","5409","5493","5599","5697"
"BLACKROCK","BLKDIN","28386","28272","28295","28179","28104","28035","28066","27896","27775","27771","27714","27716","27759"
"BLACKROCK","BLKEURV","779","794","796","796","796","794","788","787","788","792","784","776","761"
"BLACKROCK","BLKGLO3","9723","9655","9558","9391","9213","9047","8917","8748","8629","8463","8303","8143","7973"
"BLACKROCK","BLKGUB2",,,,,,,,,,,,,
"BLACKROCK","BLKINC","713","736","767","800","846","909","967","1064","1189","1287","1349","1443","1551"
"BLACKROCK","BLKLIQ+","2378","2366","2356","2337","2317","2313","2311","2295","2269","2273","2266","2247","2248"
"BLACKROCK","BLKMED","365","359","360","363","348","355","353","364","1018","1442","1672","1581","1486"
"BLACKROCK","BLKMEGA","423","416","410","409","405","402","404","403","408","446","492","550","602"
"BLACKROCK","BLKNUM2","28","24","24","23","23","23","23","23",,,,,
"BLACKROCK","BLKNUML",,,,,,,,,,,,,
"BLACKROCK","BLKPZO","3158","3169","3173","3197","3225","3242","3195","3083","5195","5240","6186","6307","7583"
"BLACKROCK","BLKREAL",,,,,,,,,,,,,
"BLACKROCK","BLKUSEQ","2423","2403","2396","2392","2369","2368","2356","2323","2305","2358","2430","2927","3418"
"BLACKROCK","BNMCAP4",,,,,,,,,,,,,
"BLACKROCK","GOLD2+","13432","14098","14853","15346","15850","16254","16635","17164","17956","17959","18213","18589","19063"
"BLACKROCK","GOLDIN",,,,,,,,,,,,,
"BLACKROCK","HZDOLAR",,,,,,,,,,,,,
"COMPASS","ALTER1+","1","1","1","1","1","1","2","2","2","2","2","2","2"
"COMPASS","AMVALOR","59","59","59","59","59","59","59","59","59","60","60","61","61"
"COMPASS","BX+4","10","10","10","10","10","10","10","10","10","10","10","10","10"
"COMPASS","COLRVL","2","2","2","2","2","2","2","2","2","2","2","2","2"
"COMPASS","I+CORP","162","163","163","174","176","157","158","178","183","184","182","184","186"
"COMPASS","I+EXNTO",,,,,,,,,,,,,
"COMPASS","PAM","9","9","9","9","9","9","9","9","9","9","9","9","9"
"COMPASS","RVMAX1","2","2","2","2","2","2","2","2","2","2","2","2","2"
"COMPASS","VALORLP",,,,,,,,,,,,,
"FINACCESS","AXESCAP","10","10","10","10","10","10","10","10","10","10","10","10","10"
"FINACCESS","AXESCOB","29","31","31","32","32","31","35","37","37","37","37","38","38"
"FINACCESS","AXESEDM","114","116","115","112","113","111","111","113","111","112","112","111","111"
"FINACCESS","AXESESG","2","2","3","3","3","3","3","3","3","3","3","3","3"
"FINACCESS","AXESRVD","1","1","1","1","1","1","1","2","2","3","3","3","3"
"FINAMEX","FINABLA","115","121","128","154","162","166","384","473","558","583","603","618","668"
"FINAMEX","FINADIN",,,,,,,,,,,,,
"FINAMEX","FINAGUB","5100","5497","5451","5458","5456","5391","5332","5288","5247","5364","5397","5446","5367"
"FINAMEX","FMXPZO",,,,,"356","341","771","782","799","809","875","935","1009"
"FINAMEX","INCOME",,,,,"826","783","361","349","356","349","358","348","350"
"FINAMEX","MXRATES",,,,,"207","201","200","206","200","193","193","200","202"
"FRANKLIN","FT-DYNA","3","3","3","3","3","3","3","3","3","4","4","3","3"
"FRANKLIN","FT-MEXA","31","31","31","30","30","30","31","31","32","31","31","32","33"
"FRANKLIN","FT-USA1","28","28","28","28","26","27","27","26","26","26","26","27","27"
"GBM","--",,,,,,,,,,,,,
"GBM","DYNVAL","1","1","1","1","1","1","1","1","2","2","2","2","2"
"GBM","GBM106","3","3","3","3","3","3","3","3","3","3","3","3","3"
"GBM","GBM112","9","9","9","9","9","9","7","7","7","7","7","7","7"
"GBM","GBM114","2","2","2","2","2","4","4","4","7","8","8","8","8"
"GBM","GBM117","4","4","4","4","4","4","4","4","4","4","4","4","4"
"GBM","GBM120",,,,,"1","2","2","2","2","2","2","2","2"
"GBM","GBMAGR","12","12","12","12","12","14","14","15","15","15","14","14","14"
"GBM","GBMALFA","11917","12733","13298","13739","14043","14406","15014","16175","17272","18058","18809","19601","20789"
"GBM","GBMF2","173877","177164","175241","175413","176206","176765","179637","181633","183555","186251","187294","189319","192021"
"GBM","GBMFIBR",,,,,,,,,,,,,
"GBM","GBMGLB","8","8","8","8","8","8","8","8","8","8","8","8","8"
"SCOTIA","SBANKDL","1450","1430","1419","1411","1392","1376","1370","1362","1347","1328","1331","1323","1309"
"SCOTIA","SCOT-36","47","48","50","55","54","53","55","54","56","56","53","52","52"
"SCOTIA","SCOT-LB","1858","1819","1791","1778","1751","1668","1634","1554","1484","1430","1376","1321","1303"
"SCOTIA","SCOTBAL",,,,,,,,,,,,,
"SCOTIA","SCOTD+5",,,,,,,,,,,,"21","21"
"SCOTIA","SCOTDA+",,,,,,,"39","23","27","16","21","73","99"
"SCOTIA","SCOTDGH","577","594","612","634","683","712","731","747","771","799","815","822","815"
"SCOTIA","SCOTDL+","1042","1046","1040","1038","1061","1067","1083","1095","1080","1064","1059","1050","1046"
"SCOTIA","SCOTDOL","1535","1526","1567","1565","1475","1462","1411","1369","1305","1273","1276","1270","1269"
"SCOTIA","SCOTGL+","761","704","655","637","623","606","584","551","520","489","472","440","423"
"SCOTIA","SCOTGLO","1230","1297","1364","1385","1412","1458","1496","1595","1670","1719","1747","1752","1723"
"SCOTIA","SCOTIA1","27065","27097","27202","27353","27567","27836","28111","28356","28619","28617","28949","29184","29604"
"SCOTIA","SCOTIAA",,,,,,,,,,,,,
"SKANDIA","OM-RVMX",,,,,,,,,,,,,
"SKANDIA","OM-RVST",,,,,,,,,,,,,
"SURA","PROD100","1792","1790","1798","1803","1810","1811","1821","1821","1816","1821","1805","1790","1779"
"SURA","PRORV45","846","845","841","835","833","823","824","823","813","811","809","804","798"
"SURA","RETIRO","222","223","220","218","220","219","221","220","221","219","222","219","219"
"SURA","SUR-RV","105","106","103","101","101","99","97","95","93","92","92","92","91"
"SURA","SUR2042","1721","1736","1749","1756","1761","1775","1782","1788","1787","1789","1792","1802","1808"
"SURA","SUR2050","1628","1635","1643","1644","1653","1661","1683","1696","1698","1697","1695","1705","1720"
"SURA","SUR30",,,,,,,,,,,,,
"SURA","SURGLOB","884","869","848","829","819","800","793","779","759","740","728","716","708"
"SURA","SURIPC",,,,,,,,,,,,,
"SURA","SURPLUS","25","25","25","27","27","27","21","22","22","22","22","22","22"
"VALMEX","BX+3","20","19","18","18","17","18","17","17","18","19","18","17","17"
"VALMEX","VALMX19","14","13","13","12","12","12","12","12","20","20","20","21","12"
"VALMEX","VALMX20","136","138","137","140","140","141","146","153","167","161","162","165","219"
"VALMEX","VALMX32",,,,,,,,,,,,,
"VALMEX","VALMXA","170","167","169","169","152","106","113","84","165","168","172","183","36"
"VALMEX","VALMXB",,,,,,,,,,,,,
"VALMEX","VALMXVL","326","345","374","386","397","414","423","445","478","509","508","505","556"
"VALMEX","VLMXP24","129","128","128","130","132","135","135","136","135","136","136","136","147"
"VALMEX","VLMXP38","193","192","194","195","199","203","207","211","211","211","210","212","229"
"VALMEX","VLMXP52","186","188","190","192","197","202","205","208","209","210","210","212","235"
"VALMEX","VLMXTEC","752","767","791","793","798","800","817","832","829","786","772","943","1249"
"VALMEX","VXINFRA","8","10","9","9","12","12","14","21","27","59","65","67","69"
"VALMEX","VXREPO1","1866","1950","1994","2005","2012","2062","2078","2066","2061","2040","2057","2053","2221"
"VALUE","VALUEF3","542","566","587","643","697","694","752","795","832","831","854","848","844"
"VALUE","VALUEV5","97","95","97","95","96","98","97","96","94","90","89","92","90"
"VECTOR","SVECTOR",,,,,,,,,,,,,
"VECTOR","VECTCF4",,,,,,,,,,,,,
"VECTOR","VECTMP",,,,,,,,,,,,,
"INBURSA","INBURSA","474","472","470","469","471","473","477","474","502","501","498","496","495"
"INVEX","INVEXCO","184","184","181","176","173","171","164","159","155","152","149","142","142"
"INVEX","INVEXIN","311","312","314","319","316","323","322","330","335","335","340","338","354"
"INVEX","INVEXMP","1787","1814","1833","1852","1840","1845","1845","1848","1841","1862","1698","1657","2983"
"KPTL","+TASAMX","31","26","28","29","28","29","29","29","29","27","27","27","26"
"MIFEL","MIFDCP",,,,,,,,,,,,,
"MIFEL","MIFGUB",,,,,,,,,,,,,
"MIFEL","MIFMOD","135","135","135","131","130","131","128","131","128","123","121","117","117"
"MONEX","MONEXG","38","37","34","33","32","32","33","34","34","34","34","31","31"
"MONEX","MONEXIN",,,,,,,,,,,,,
"MULTIVA","MULTIED","222","217","219","222","220","216","216","221","222","222","222","221","227"
"MULTIVA","MULTIFA","191","188","187","189","184","185","186","191","193","195","194","195","199"
"MULTIVA","MULTINS","3","3","3","3","3","3","3","3","3","3","3","3","3"
"MULTIVA","MVFANG+","263","274","286","285","297","312","318","336","340","342","352","368","411"
"NAFINSA","NAF-ESG","4","4","4","4","4","4","5","5","5","5","5","6","6"
"NAFINSA","NAFGUBD","32","33","33","34","33","32","30","32","33","33","33","33","32"
"NAFINSA","NAFINTR","774","770","785","808","825","848","851","861","875","888","899","892","974"
"PRINCIPAL","GLREITS","50","51","53","52","48","47","47","49","47","47","45","44","44"
"PRINCIPAL","PRINFMP","2381","2540","2689","2864","2954","3066","3084","3116","3193","3066","3136","3103","3142"
"PRINCIPAL","PRINGLP","140","161","193","206","219","208","214","219","224","176","220","195","186"
"PRINCIPAL","PRINLS1","1871","1861","1859","1865","1774","1711","1723","1745","1776","1748","1729","1732","1733"
"PRINCIPAL","PRINMAS","698","777","822","961","1034","1201","1232","1275","1364","1314","1370","1357","1365"
"PRINCIPAL","PRINRVA","529","526","524","521","510","492","490","514","533","539","549","551","550"
"SAM","AXAIM65","1","1","1","1","1","1","1","1","1","1","1","1","1"
"SAM","ELIGE-C",,,,,,,,,,,,,
"SAM","ELIGE-P",,,,,,,,,,,,,
"SAM","EMPRES",,,,,,,,,,,,,
"SAM","RCOMP-4","1","5275","5220","5168","5127","5180","1","5161","5050","5007","4978","4951","1"
"SAM","RCOMP-R","5399","4929","6551","6093","5829","5414","5260","4926","6203","5809","5591","5070","4930"
"SAM","SAM-AF","7","7","7","6","3","1","1","1","2","2","2","2","2"
"SAM","SAM-RED","157","157","156","152","146","148","144","142","137","132","129","126","125"
"SAM","SAM-RVG","571","575","580","574","563","584","526","506","472","447","442","432","426"
"SAM","SAM-SP","577","575","575","569","563","588","589","592","588","576","585","588","599"
"SAM","SAMBPIC","1","1","1","1","1","1","1","1","2","2","2","2","2"
"SAM","SAMCAP3","2","2","2","2","2","2","2","2","2","2","2","2","2"
"SAM","SAMCAP5","2","2","2","2","2","2","2","2","2","2","2","2","2"
"SAM","SAMCAP6","96","95","95","95","95","95","95","95","94","94","94","94","94"
"SAM","SAMCAP8","2","2","2","2","2","2","2","2","2","2","2","2","2"
"SAM","SAMUSCP","314","323","325","314","297","301","304","300","296","281","298","315","321"
"SAM","SELECTD",,,,,,,,,,,,,
"SAM","SMX-70","37","37","37","37","37","37","37","37","37","37","37","37","37"
"SAM","SMX-CP","57","46","43","43","43","40","40","32","32","32","32","32","33"
"SAM","ST&ER-6",,,,,,,,,,,,,
"SAM","ST&ER-D",,,,,,,,,,,,,
"SAM","ST&ER21",,,,,,,,,,,,,
"SAM","STER-GR",,,,,,,,,,,,,
"SAM","STERGOB","18560","19013","19240","18867","19128","19450","19403","19658","21009","21202","22013","22913","23679"
"SAM","STRIVS1","3","3","3","3","3","3","3","3","3","3","3","3","3"
"SAM","XPERT-C","323","315","309","303","302","298","299","293","290","291","288","287","289"
"SCOTIA","SBANKMP","927","934","941","949","950","953","952","950","945","934","926","918","917"
"SCOTIA","SCOT-01",,,,,,,,,,,,,
"SCOTIA","SCOT-22",,,,,,,,,,,,,
"SCOTIA","SCOT-FR","263","254","259","394","490","554","567","571","582","616","648","698","718"
"SCOTIA","SCOTCRE",,,,,,,,,,,,,
"SCOTIA","SCOTD+1",,,,,,,,"39","39","39","39","39","10"
"SCOTIA","SCOTD+4",,,,,,,,,,,"16","16","16"
"SCOTIA","SCOTDIH","1099","1151","1190","1233","1256","1279","1318","1390","1439","1465","1509","1540","1575"
"SCOTIA","SCOTIAG","42898","42899","42897","42898","42838","42795","42697","42672","42590","42403","42373","42296","42297"
"SCOTIA","SCOTILP","196","198","199","197","192","188","186","181","176","174","169","166","164"
"SCOTIA","SCOTMA2","2752","2772","2776","2780","2790","2806","2839","2888","2900","2912","2916","2931","2952"
"SCOTIA","SCOTQNT",,,,,,,,,,,,,
"SKANDIA","--",,,,,,,,,,,,,
"SKANDIA","OM-DEST",,,,,,,,,,,,,
"SKANDIA","SK-DCP","1883","1890","1892","1888","1888","1871","1870","1875","1878","1877","1862","1863","1855"
"SKANDIA","SK-RVST","501","499","498","493","488","487","489","489","489","487","484","487","488"
"SURA","FONDEO","20246","20215","20195","20183","20141","20072","20257","20150","20026","19940","19950","19877","19814"
"SURA","MONEDA1",,,,,,,,,,,,,
"SURA","SUR1E","646","661","634","572","560","556","544","545","544","607","610","630","633"
"SURA","SUR2066","310","316","320","322","318","319","323","328","330","335","337","337","341"
"SURA","SURA90",,,,,,,,,,,,,
"SURA","SURABS1","684","710","749","784","819","837","851","859","862","877","883","897","921"
"SURA","SURADOL","41","62","64","67","65","67","64","63","62","61","61","60","57"
"SURA","SURCETE","5244","5257","5251","5249","5253","5245","5196","5155","5113","5104","5063","5043","5038"
"SURA","SURUSD","604","639","665","702","734","744","761","761","760","779","782","804","826"
"VALMEX","- -",,,,,,,,,,,,,
"VALMEX","BX+0","6307","6329","6353","6453","6530","6498","6444","6504","6568","6628","6573","6620","6662"
"VALMEX","VALMX24",,,,,,,,,,,,,
"VALMEX","VALMXC",,,,,,,,,,,,,
"VALMEX","VLMXP31","162","163","164","165","167","173","175","179","179","182","182","184","194"
"VALMEX","VXCOBER","186","183","180","179","174","171","168","168","166","155","153","147","165"
"VALMEX","VXUDIMP","325","361","371","378","404","420","422","413","424","425","385","381","780"
"VALUE","VALUEF2","847","880","900","923","952","979","1001","1031","1071","1092","1111","1127","1117"
"VALUE","VALUEV6","42","42","42","42","43","43","43","43","43","43","42","43","40"
"VECTOR","VECTCF3",,,,,,,,,,,,,
"GBM","GBMGUBF",,,,,,,,,,,,,
"GBM","GBMGUBL","56696","57076","57668","57979","58780","59338","61599","63404","64727","66203","67594","70185","72360"
"GBM","GBMMILA",,,,,,,,,,,,,
"GBM","GBMMOMX",,,,,,,,,,,,,
"GBM","GBMMXOP",,,,,,,,,,,,,
"GBM","GBMPCON","173","171","168","166","166","164","164","163","161","158","158","157","156"
"GBM","GBMUSD","883","895","907","894","901","922","1127","1340","1596","1761","1952","2081","2167"
"GBM","GMP+","28648","28751","28906","28889","29178","29296","30849","31802","32281","32933","33699","35032","36364"
"HSBC","HSBC-40",,,,,,,,,,,,,
"HSBC","HSBC-50","22","22","22","22","22","22","22","23","23","22","22","22","22"
"HSBC","HSBC-60","15","15","15","15","15","15","15","17","17","17","17","17","17"
"HSBC","HSBC-70","18","18","18","18","18","18","18","18","18","18","18","18","18"
"HSBC","HSBC-80","18","18","18","18","18","18","18","18","18","18","18","18","18"
"HSBC","HSBC-F1","79542","81912","85361","84401","85777","86420","88336","89216","87571","88932","89669","87918","88598"
"HSBC","HSBC-F3",,,,,,,,,,,,,
"HSBC","HSBC-MP",,,,,,,,,,,,,
"HSBC","HSBCBOL",,,,,,,,,,,,,
"HSBC","HSBCDOL","1891","1872","1864","1873","1816","1807","1800","1787","1743","1742","1740","1725","1726"
"HSBC","HSBCGLE","491","495","501","523","537","548","550","557","557","554","553","594","648"
"HSBC","HSBCGOB","1221","1253","1306","1283","1309","1359","1327","1407","1449","1405","1433","1368","1394"
"HSBC","HSBCJUB",,,,,,,,,,,,,
"HSBC","HSBCPRA","3737","3847","4043","4213","4189","4250","4408","4516","4491","4409","4460","4573","4667"
"INBURSA","DINBUR2","640","653","669","680","683","667","682","681",,,,,
"INBURSA","DINBUR3","149","146","147","147","148","148","150","150","153","142","143","147","133"
"INBURSA","IBUPLUS","217","220","222","224","224","224","225","222","225","224","224","227","229"
"INVEX","INVEXCP","4080","4095","4105","4129","4126","4168","4177","4159","4195","3716","3267","3178","3278"
"INVEX","INVEXDO","266","268","284","289","291","290","287","291","310","305","308","318","291"
"INVEX","INVEXGU","1375","1360","1388","1407","1426","1434","1418","1469","1514","2086","2297","2376","2486"
"INVEX","INVEXLP","217","221","241","263","269","267","261","259","257","253","252","251","389"
"KPTL","+TASACP","158","127","125","121","119","118","115","114","112","110","110","109","107"
"KPTL","+TASAD1","84","64","63","61","61","60","60","60","59","59","59","59","58"
"KPTL","+TASAUS","2631","1788","1725","1698","1675","1663","1655","1644","1641","1630","1623","1617","1624"
"MONEX","MONEX28","1018","1033","1071","1068","1074","961","971","1022","1074","1096","1097","1087","1047"
"MONEX","MONEXAD",,,,,,,,,,,,,
"MONEX","MONEXC+",,,,,,,,,,,,,
"MONEX","MONEXIQ",,,,,,,,,,,,,
"MONEX","MONXESG","55","54","53","52","52","54","55","57","57","57","55","53","51"
"MULTIVA","MULTIEQ","610","611","619","618","620","631","633","644","649","651","654","650","675"
"NAFINSA","--",,,,,,,,,,,,,
"NAFINSA","BONDDIA","1441567","1450817","1464535","1476979","1492202","1500635","1513322","1525944","1536984","1547210","1556822","1564070","1569786"
"NAFINSA","CONCEP",,,,,,,,,,,,,
"NAFINSA","ENERFIN","39702","40277","41638","43169","43894","44073","43594","44706","46205","47394","47405","47598","47176"
"NAFINSA","NAF-USD","24","25","25","24","26","26","25","24","25","25","26","26","26"
"PRINCIPAL","LIQUIDO","1691","1670","1647","1619","1564","1538","1514","1568","1521","1679","1624","1582","1555"
"PRINCIPAL","PEMERGE","187","179","176","173","174","161","160","171","203","201","183","188","208"
"PRINCIPAL","PRGLOB","191","188","185","185","183","175","173","172","174","170","167","136","137"
"PRINCIPAL","PRINLS2","2193","2182","2162","2143","2062","1973","1965","1937","1910","1863","1852","1842","1840"
"PRINCIPAL","PRINR45","24","25","25","27","27","27","33","34","36","44","48","47","54"
"PRINCIPAL","PRINR55","34","34","36","41","38","40","42","43","45","52","56","55","59"
"PUNTO","AZTECA+",,,,,"5","11","1","1","1","1","1","1","5"
"SAM","DINSTEC",,,,,,,,,,,,,
"SAM","ELITE-D",,,,,,,,,,,,,
"SAM","LATAMEQ",,,,,,,,,,,,,
"SAM","SAM-AP","6","6","6","6","2","1","1","1","2","2","2","2","2"
"SAM","SAM-SHR","4","5","5","5","5","5","5","5","8","9","9","10","12"
"SAM","SAMBPIA","1","1","1","1","1","1","1","1","2","2","2","2","2"
"SAM","SAMCAP1","2","2","2","2","2","2","2","2","2","2","2","2","2"
"SAM","SAMCAP2","2","2","2","2","2","2","2","2","2","2","2","2","2"
"SAM","SAMCAP4","3","3","3","3","3","3","3","3","3","3","3","3","3"
"SAM","SAMEME3",,,,,,,,,,,,,
"SAM","SAMEMEC","4","4","5","5","5","5","5","5","5","5","5","5","5"
"SAM","SEL-RF",,,,,,,,,,,,,
"SAM","SELECTM",,,,,,,,,,,,,
"SAM","SMALTA1",,,,,,,,,,,,,
"SAM","ST&ER-C","233","234","232","231","227","232","232","231","231","231","230","231","231"
"SAM","ST&ER-I",,,,,,,,,,,,,
"SAM","ST&ER1X",,,,,,,,,,,,,
"SAM","ST&ERPB","7034","7037","6999","6707","6688","6778","6785","6743","8863","10294","11018","11682","12431"
"SAM","ST&ERUS",,,,,,,,,,,,,
"SAM","STER-OP","511","508","513","513","516","543","553","565","587","615","616","621","634"
"HSBC","HSBCSGE","1093","1122","1167","1247","1385","1482","1547","1649","1664","1738","1822","1983","2170"
"INBURSA","INBUMAX","5302","5439","5530","5626","5727","5773","5809","5880","6676","6574","6641","6742","6802"
"INBURSA","INBUMEX","55","55","51","50","50","50","52","49",,,,,
"INVEX","INVEXBE","64","87","98","129","143","152","152","156","158","163","165","158","163"
"INVEX","INVEXCR",,,,,,,,,,,,,
"INVEX","INVEXMX","126","126","124","126","124","129","136","143","146","158","167","170","171"
"KPTL","+TASAPR","4383","4050","3956","3898","3857","3838","3765","3803","3847","3877","3884","3908","3909"
"MIFEL","VALOR1F","8032","8006","8088","8167","8234","8300","8359","8362","8408","8257","8193","8188","8199"
"MIFEL","VALOR7F",,,,,,,,,,,,,
"MONEX","- -",,,,,,,,,,,,,
"MONEX","MONEX-I",,,,,,,,,,,,,
"MONEX","MONEXCR","76","76","75","80","82","81","87","90","92","92","96","96","95"
"MONEX","MONEXM+","4863","4856","4908","4920","4943","4971","4960","5017","5064","5126","5150","5046","5033"
"MONEX","MONEXUS",,,,,,,,,,,,,
"MULTIVA","MULTIAR","459","468","484","503","524","548","556","548","554","579","545","538","547"
"MULTIVA","MULTIPC","143","139","137","140","141","141","143","157","166","168","170","170","169"
"MULTIVA","MULTIRE","1604","1616","1607","1612","1597","1436","1406","1432","1464","1598","1623","1620","1602"
"MULTIVA","MULTISI","3252","3249","3249","3252","3242","3273","3264","3294","3340","3371","3392","3394","3394"
"MULTIVA","MULTIUS","331","330","318","317","315","314","314","303","303","301","298","297","294"
"NAFINSA","NAFINDX","1674","1828","2028","2228","2357","2466","2668","2705","2568","2730","2736","2725","2691"
"NAFINSA","NAFM-EX","7","6","6","6","6","6","6","6","6","6","6","6","6"
"PRINCIPAL","PRINFLD",,,,,,,,,,,,,
"PRINCIPAL","PRINFTR","154","192","218","213","237","239","260","233","285","244","229","209","209"
"PRINCIPAL","PRINFUS",,,,,,,,,,,,,
"PRINCIPAL","PRINLS0","518","530","534","578","611","630","637","674","732","698","708","727","729"
"PRINCIPAL","PRINLS3","1188","1171","1166","1158","1114","1063","1473","1064","1052","1032","1020","1031","1030"
"PRINCIPAL","PRINR30","21","21","23","25","25","25","29","31","33","37","44","41","45"
"PRINCIPAL","PRINR35","20","20","20","21","21","21","27","27","28","34","37","33","37"
"SAM","AXAIM29","1","1","1","1","1","1","1","1","1","1","1","1","1"
"SAM","EURO-EQ",,,,,,,,,,,,,
"SAM","PORTMAN","3","3","3","3","3","3","3","3","3","3","3","3","3"
"SAM","PYMES","13321","13351","13359","13387",,,,,,,,,
"SAM","RCOMP-3","6039","5940","5890","5841","5795","1","5405","5342","5243","5201","5163","1","4992"
"SAM","RCOMP-5","6981","6923","1","6459","6392","6441","6444","6400","1","6109","6052","6007","5964"
"SAM","RCOMP-6","6453","6406","6366","1","6010","6045","6049","5998","5922","1","5721","5685","5643"
"SAM","SAM-UMS","1","1","1","1","1","1","1","1","1","1","1","1","2"
"SAM","SAMCAP7","2","2","2","2","2","2","2","2","2","2","2","2","2"
"SAM","SAMEME2","1","1","1","1","1","1","1","1","2","2","2","2","2"
"SAM","SMALTA2",,,,,,,,,,,,,
"SAM","SMX-60","35","35","35","35","35","35","35","35","35","35","35","35","35"
"SAM","SMX-90","33","33","33","33","33","33","33","33","33","33","33","33","33"
"SAM","SMX-RV","9","8","8","8","8","7","7","7","7","7","7","7","7"
"SAM","ST&ER-2",,,,,,,,,,,,,
"SAM","ST&ER-5","392","388","383","375","372","376","366","366","364","356","355","354","351"
"SAM","ST&ER22",,,,,,,,,,,,,
"SAM","STER10P","2421","2387","2380","2371",,,,,,,,,
"SAM","STERNDQ","866","868","882","893","901","940","958","965","968","967","962","968","981"
"SAM","STGAR-6",,,,,,,,,,,,,
"SAM","STRGOB2","442","456","475","505","526","543","546","579","593","607","616","708","924"
"SAM","SUPER","167201","168250","169770","171977","174083","176957","176840","177266",,,,,
"SAM","SUPER-E",,,,,,,,,,,,,
"SAM","SUPER-U",,,,,,,,,,,,,
"SAM","SVIVE35","41","42","43","43","44","44","44","44","44","48","48","49","51"
"SAM","SVIVE60","75","76","77","76","76","76","76","77","77","84","84","85","85"
"SAM","USA-EQ","1567","1552","1522","1535","1563","1657","1666","1670","1687","1735","1735","1713","1726"
"SAM","XPERT-D","333","326","325","319","317","326","321","320","316","310","309","302","300"
"SCOTIA","FINBOL","2","1","1","1","1","1","1","1","1","1","1","1","1"
"SCOTIA","FIRMA-E","57","53","53","53","53","51","53","53","53","55","56","55","56"
"SCOTIA","SCOT-04",,,,,,,,,,,,,
"SCOTIA","SCOT-43","50","49","50","54","52","54","56","53","53","53","54","52","52"
"SCOTIA","SCOT-50","52","54","55","59","56","58","60","56","58","56","56","55","54"
"SCOTIA","SCOT-TR","307","314","309","310","331","343","365","388","434","459","474","503","521"
"SCOTIA","SCOT100","2","2","2","2","2","2","2","2","2","2","2","2","2"
"SCOTIA","SCOT200","8","8","8","8","8","8","8","8","8","8","8","8","8"
"SCOTIA","SCOTCAN","86","82","74","67","68","66","65","63","62","57","57","55","54"
"SCOTIA","SCOTD+2",,,,,,,,,"23","23","23","23","23"
"SCOTIA","SCOTEUR","364","351","339","335","326","319","317","311","302","295","283","274","265"
"SCOTIA","SCOTI14",,,,,,,,,,,,,
"SCOTIA","SCOTIPC",,,,,,,,,,,,,
"SCOTIA","SCOTLPG","569","622","629","668","706","715","705","698","697","708","719","700","682"
"SCOTIA","SCOTMA1","859","876","898","912","947","970","1002","1066","1067","1062","1058","1078","1093"
"SCOTIA","SCOTPAT",,,,,,,,,,,,,
"SCOTIA","SCOTUDI","69","69","64","69","79","78","81","76","82","86","86","83","83"
"SKANDIA","SK-GUB","364","366","376","381","395","403","394","413","441","442","446","447","450"
"SURA","PRORV15","1244","1244","1238","1222","1217","1207","1200","1184","1171","1167","1174","1164","1149"
"SURA","PRORV60","426","421","413","414","413","403","401","393","392","390","388","384","384"
"SURA","SUR-FIB","27","27","27","29","29","29","29","29","31","31","32","33","34"
"SURA","SUR-RFI","557","598","630","671","703","718","741","744","747","769","773","796","821"
"SURA","SUR-USA","468","485","509","531","560","571","582","587","594","614","622","643","675"
"SURA","SUR1",,,,,,,,,,,,,
"SURA","SUR2018","157","154","152","150","150","148","142","142","141","140","140","139","137"
"SURA","SUR2026","751","757","760","762","757","753","757","756","754","749","745","738","734"
"SURA","SUR2034","1425","1435","1442","1448","1448","1455","1469","1472","1474","1475","1473","1484","1484"
"SURA","SUR2058","977","985","984","986","985","989","998","1005","1001","1001","999","1003","1011"
"SURA","SURB05","770","804","837","874","910","924","939","930","943","968","970","1004","1030"
"SURA","SURPAT","738","749","768","791","811","821","835","838","850","872","879","898","931"
"SURA","SURRVMX","114","109","106","107","106","104","104","107","110","107","106","105","107"
"SURA","SURUDI","673","700","723","761","791","809","826","835","847","868","877","897","922"
"SURA","SURVEUR","556","568","586","612","639","649","662","667","675","696","701","724","757"
"VALMEX","BX+2","8","6","7","7","7","8","8","9","9","9","7","7","8"
"VALMEX","VALMX12",,,,,,,,,,,,,
"VALMEX","VALMXES","58","57","55","55","55","54","51","51","49","49","49","49","63"
"VALMEX","VALMXMF",,,,,,,,,,,,,
"VALMEX","VALMXRP","1","1","1","1","1","1","1","1","1","1","1","1","1"
"VALMEX","VLMXP45","187","189","193","197","201","206","210","213","215","215","215","216","233"
"VALMEX","VXGUBLP","305","327","342","370","401","384","357","343","340","339","303","267","480"
"VALUE","VALUEF4","1684","1680","1654","1639","1604","1599","1668","1647","1656","1660","1679","1676","1618"
"VALUE","VALUEF7","190","233","260","267","287","297","306","319","351","361","372","382","384"
"VECTOR","VECTCF1",,,,,,,,,,,,,
"SAM","STER-RF",,,,,,,,,,,,,
"SAM","STERUSD","1162","1137","1127","1118","1097","1117","1117","1111","1107","1091","1087","1083","1081"
"SAM","STRGOB3",,,,,,,,,,,,,
"SAM","SUPER-I",,,,,,,,,,,,,
"SAM","SUPER-O",,,,,,,,,,,,,
"SAM","SVIVE20","92","94","94","94","96","98","98","98","98","102","102","103","105"
"SCOTIA","FIRMA-D","1","1","1","1","1","1","1","1","1","1","1","1",
"SCOTIA","SBANK50",,,,,,,,,,,,,
"SCOTIA","SBANKCP","134563","134700","134659","134574","134392","134171","133892","133714","133563","133463","133291","133145","133020"
"SCOTIA","SCOT-29","48","49","50","54","55","54","56","52","54","53","52","51","50"
"SCOTIA","SCOT-57","43","44","44","49","49","49","50","50","50","50","50","49","49"
"SCOTIA","SCOT-FX","360","359","350","347","351","351","354","363","369","374","378","365","360"
"SCOTIA","SCOT-RV","213","217","213","216","213","210","214","227","238","249","271","272","269"
"SCOTIA","SCOTD+3",,,,,,,,,,"27","27","27","27"
"SCOTIA","SCOTD+6",,,,,,,,,,,,,"73"
"SCOTIA","SCOTDVC","871","918","940","983","1022","1058","1087","1138","1184","1208","1226","1248","1278"
"SCOTIA","SCOTI10","1620","1695","1741","1815","1862","1888","1923","1967","2010","2057","2104","2139","2186"
"SCOTIA","SCOTI12",,,,,,,,,,,,,
"SCOTIA","SCOTIA2","1536","1623","1755","1959","2235","2445","2609","2792","3030","3196","3271","3317","3421"
"SCOTIA","SCOTIA4",,,,,,,,,,,,,
"SCOTIA","SCOTIMB","208","208","207","218","221","222","223","229","216","218","219","219","213"
"SCOTIA","SCOTMA3","339","350","360","365","372","397","417","475","510","531","553","577","601"
"SCOTIA","SCOTRET","35","35","37","40","39","40","40","41","41","40","39","39","39"
"SCOTIA","SCOTUSA","4034","4043","4066","4095","4085","4076","4105","4170","4177","4180","4180","4181","4192"
"SKANDIA","OM-DCP",,,,,,,,,,,,,
"SKANDIA","SK-DEST","670","670","669","663","659","659","659","662","664","662","661","664","665"
"SKANDIA","SK-RVMX","556","554","553","538","533","532","533","535","536","534","533","533","528"
"SURA","SUR-DV",,,,,,,,,,,,,
"SURA","SUR30E","47","47","45","43","43","43","42","44","45","44","44","44","44"
"SURA","SURASIA","767","789","804","827","845","855","867","869","877","897","904","921","952"
"SURA","SURB10","518","546","577","616","656","673","692","692","713","736","749","765","794"
"SURA","SURBONO",,,,,,,,,,,,,
"SURA","SURCORP","856","882","901","932","965","965","977","983","989","1010","1019","1035","1060"
"SURA","SURGOB","663","678","719","740","768","788","817","831","864","853","861","870","877"
"SURA","SURMILA","27","27","28","28","29","30","30","30","30","30","30","30","30"
"SURA","SURREAL","705","733","757","786","837","853","873","881","905","928","940","960","987"
"VALMEX","BX+1","261","272","280","292","343","340","422","339","358","343","346","338","336"
"VALMEX","VALMX11","1","1","1","1","1","1","1","1","1","1","1","1","1"
"VALMEX","VALMX18",,,,,,,,,,,,,
"VALMEX","VALMX28","296","307","312","316","322","333","337","343","346","350","346","342","244"
"VALMEX","VALMXHC","231","228","212","204","197","178","172","166","161","159","156","147","224"
"VALMEX","VLMXDME","101","115","117","122","124","130","128","129","125","126","124","126","152"
"VALMEX","VLMXESG","283","276","240","230","224","203","199","192","183","177","176","170","219"
"VALMEX","VLMXETF","396","434","460","489","514","536","555","577","598","611","609","616","646"
"VALMEX","VLMXJUB","68","68","68","71","73","76","77","79","79","80","78","76","98"
"VALMEX","VLMXLPE","2","2","2","2","2","2","2","2","2","2","2","2","2"
"VALMEX","VLMXP17",,,,,,,,,,,,,
"VALMEX","VLMXP59","146","155","164","174","178","185","188","191","193","196","197","199","237"
"VALMEX","VXDEUDA","1046","1114","1174","1229","1281","1309","1301","1308","1321","1322","1321","1258","1425"
"VALMEX","VXGUBCP","1439","1538","1578","1611","1658","1659","1679","1697","1747","1784","1814","1833","2561"
"VALMEX","VXTBILL","126","124","121","120","124","123","123","127","109","109","116","116","137"
"VALUE","VALUEF1","93","101","102","113","140","155","155","165","181","184","187","183","170"
"VALUE","VALUEF8","43","40","39","36","35","36","35","35","36","36","36","37","35"
"VECTOR","VECTCF2",,,,,,,,,,,,,
